{"0":[0.2847619,0.8088889,1.60839,2.4456463,4.3513605,5.5725624,6.2769841,7.7699773]
,"1":[0.314153,1.394037,2.458662,3.402684]
,"2":[0.279584]
,"3":[0.319896,0.872558,1.375946]
,"4":[0.117613,1.205896]
,"5":[0.011692,1.153136,2.208602]
,"6":[0.283849,0.595983,1.659889,2.684109,3.859996,5.948079]
,"7":[0.091715,1.443411]
,"8":[0.065123,0.945628,1.801185]
,"9":[0.192172,1.055925]
,"10":[0,1.473616]
,"11":[0.243132,1.62778]
,"12":[0.261174,1.341375]
,"13":[0.236678,1.180935,2.244698]
,"14":[0.225012,0.85629,1.680154,2.151894,2.984006,4.296645,5.408166,5.992081]
,"15":[0.153758,1.073601]
,"16":[0.274922,1.018861,2.179152,2.571194,3.467043,5.30702,5.930834]
,"17":[0.132094,2.220006,3.235933,4.116408]
,"18":[0.116344,1.012499,1.996413]
,"19":[0.095002,0.9272,1.503066]
,"20":[0,0.840106,2.247777,3.015986]
,"21":[0.023003,2.064921,3.121199,4.248877,5.74521,6.880849,7.561034,9.71324]
,"22":[0.045831,0.81395,1.781826,3.213506,4.597897,6.109785]
,"23":[0.053288,1.221329,2.32536,3.20577,3.949114,4.661728,5.861441,8.693182,9.557301]
,"24":[0.105035,1.016993,2.112879,2.736749,3.640882,4.520599,5.89688]
,"25":[0.102641,1.230459,2.518389]
,"26":[0.088179,0.832182,1.711859]
,"27":[0.163188]
,"28":[0.082307,0.762235,1.450535,2.754467,5.506502,6.242238]
,"29":[0.100586,1.683933,2.715881]
,"30":[0.23539,1.476384,3.723578,5.651525,6.435378]
,"31":[0.25757,1.305685,2.793604,3.641462,6.745978,7.377871,8.561552]
,"32":[0.093279,1.725042]
,"33":[0.168055,1.416002,2.136318,4.08806,4.751764,5.904094]
,"34":[0.076229]
,"35":[0.122532,1.362764]
,"36":[0.043513]
,"37":[0.066227,0.978701,1.650217,2.538027,3.305953,3.978138,5.170076,6.226082]
,"38":[0.146708,0.490512,1.082385,1.97848,2.80286]
,"39":[0.278503,0.710281,3.022805,3.959017,6.158232,7.943003,8.686516,9.934516]
,"40":[0.12307,1.762768,2.474786,3.930989,4.731326,5.85873]
,"41":[0.131943,1.084019,2.24394]
,"42":[0.099145,1.514883,3.01896,4.050963,5.298968,6.506986]
,"43":[0.102768,0.671087,1.806787]
,"44":[0.053161,1.597111,2.965818,5.004984,6.101356,7.749126,9.068833]
,"45":[0.406277,1.710508,2.397983,3.830117,5.166138,6.182219,7.317927]
,"46":[0.117687,1.456984,2.397636,3.261501,3.917848,4.285763,5.373607]
,"47":[0.296867,1.408966,2.064592,2.704631]
,"48":[0.083395,1.355393,3.123501,5.211334]
,"49":[0.138534,0.946343,1.930289,3.658453,5.466124,6.298302,7.474109,8.162382,9.754056,10.945882,11.850311]
,"50":[0.116999,1.76506,2.405044,3.46093]
,"51":[0.127842,0.89594,1.807527]
,"52":[0.145584,0.937963,1.83332]
,"53":[0.125059,0.828705,1.228982,1.964719,2.92495,3.712574]
,"54":[0.083169,0.779055,1.067234,2.05929,3.05131]
,"55":[0.29613,1.244079,2.448787]
,"56":[0.095764,0.759614,1.343901,2.43968,3.023629,3.81567,5.09575]
,"57":[0.133037,0.557021,1.309095]
,"58":[0.239051,1.262814,2.422805,3.671175,3.969366]
,"59":[0.204891,1.468547,2.260757,5.173386,6.124949,9.324838,9.933054,10.660837]
,"60":[0.151789,1.295879,2.503717,3.399521,4.69573]
}
